"STATION","NAME","DATE","TAVG","TMAX","TMIN"
"USW00014848","SOUTH BEND AIRPORT, IN US","2016-01-01","23","26","19"
"USW00014848","SOUTH BEND AIRPORT, IN US","2016-01-02","27","33","24"
"USW00014848","SOUTH BEND AIRPORT, IN US","2016-01-03","30","33","27"
"USW00014848","SOUTH BEND AIRPORT, IN US","2016-01-04","26","27","9"
"USW00014848","SOUTH BEND AIRPORT, IN US","2016-01-05","18","27","9"
"USW00014848","SOUTH BEND AIRPORT, IN US","2016-01-06","23","35","13"
"USW00014848","SOUTH BEND AIRPORT, IN US","2016-01-07","33","39","28"
"USW00014848","SOUTH BEND AIRPORT, IN US","2016-01-08","37","45","34"
"USW00014848","SOUTH BEND AIRPORT, IN US","2016-01-09","42","44","33"
"USW00014848","SOUTH BEND AIRPORT, IN US","2016-01-10","28","35","5"
"USW00014848","SOUTH BEND AIRPORT, IN US","2016-01-11","8","23","2"
"USW00014848","SOUTH BEND AIRPORT, IN US","2016-01-12","17","25","6"
"USW00014848","SOUTH BEND AIRPORT, IN US","2016-01-13","6","20","-2"
"USW00014848","SOUTH BEND AIRPORT, IN US","2016-01-14","27","43","19"
"USW00014848","SOUTH BEND AIRPORT, IN US","2016-01-15","40","43","31"
"USW00014848","SOUTH BEND AIRPORT, IN US","2016-01-16","30","32","23"
"USW00014848","SOUTH BEND AIRPORT, IN US","2016-01-17","14","23","5"
"USW00014848","SOUTH BEND AIRPORT, IN US","2016-01-18","3","8","-3"
"USW00014848","SOUTH BEND AIRPORT, IN US","2016-01-19","7","17","4"
"USW00014848","SOUTH BEND AIRPORT, IN US","2016-01-20","15","22","13"
"USW00014848","SOUTH BEND AIRPORT, IN US","2016-01-21","15","26","3"
"USW00014848","SOUTH BEND AIRPORT, IN US","2016-01-22","19","27","7"
"USW00014848","SOUTH BEND AIRPORT, IN US","2016-01-23","21","29","11"
"USW00014848","SOUTH BEND AIRPORT, IN US","2016-01-24","22","34","14"
"USW00014848","SOUTH BEND AIRPORT, IN US","2016-01-25","31","43","26"
"USW00014848","SOUTH BEND AIRPORT, IN US","2016-01-26","34","43","26"
"USW00014848","SOUTH BEND AIRPORT, IN US","2016-01-27","26","29","24"
"USW00014848","SOUTH BEND AIRPORT, IN US","2016-01-28","31","38","29"
"USW00014848","SOUTH BEND AIRPORT, IN US","2016-01-29","28","33","24"
"USW00014848","SOUTH BEND AIRPORT, IN US","2016-01-30","37","47","32"
"USW00014848","SOUTH BEND AIRPORT, IN US","2016-01-31","43","52","36"
"USW00014848","SOUTH BEND AIRPORT, IN US","2016-02-01","36","43","24"
"USW00014848","SOUTH BEND AIRPORT, IN US","2016-02-02","33","49","23"
"USW00014848","SOUTH BEND AIRPORT, IN US","2016-02-03","41","48","30"
"USW00014848","SOUTH BEND AIRPORT, IN US","2016-02-04","27","30","18"
"USW00014848","SOUTH BEND AIRPORT, IN US","2016-02-05","26","33","21"
"USW00014848","SOUTH BEND AIRPORT, IN US","2016-02-06","27","39","19"
"USW00014848","SOUTH BEND AIRPORT, IN US","2016-02-07","36","46","29"
"USW00014848","SOUTH BEND AIRPORT, IN US","2016-02-08","30","32","22"
"USW00014848","SOUTH BEND AIRPORT, IN US","2016-02-09","25","27","18"
"USW00014848","SOUTH BEND AIRPORT, IN US","2016-02-10","17","19","13"
"USW00014848","SOUTH BEND AIRPORT, IN US","2016-02-11","15","22","1"
"USW00014848","SOUTH BEND AIRPORT, IN US","2016-02-12","13","20","2"
"USW00014848","SOUTH BEND AIRPORT, IN US","2016-02-13","11","13","5"
"USW00014848","SOUTH BEND AIRPORT, IN US","2016-02-14","9","16","-1"
"USW00014848","SOUTH BEND AIRPORT, IN US","2016-02-15","19","28","16"
"USW00014848","SOUTH BEND AIRPORT, IN US","2016-02-16","28","31","26"
"USW00014848","SOUTH BEND AIRPORT, IN US","2016-02-17","29","33","16"
"USW00014848","SOUTH BEND AIRPORT, IN US","2016-02-18","22","37","10"
"USW00014848","SOUTH BEND AIRPORT, IN US","2016-02-19","45","62","36"
"USW00014848","SOUTH BEND AIRPORT, IN US","2016-02-20","49","59","34"
"USW00014848","SOUTH BEND AIRPORT, IN US","2016-02-21","39","47","30"
"USW00014848","SOUTH BEND AIRPORT, IN US","2016-02-22","32","43","20"
"USW00014848","SOUTH BEND AIRPORT, IN US","2016-02-23","34","46","24"
"USW00014848","SOUTH BEND AIRPORT, IN US","2016-02-24","34","36","30"
"USW00014848","SOUTH BEND AIRPORT, IN US","2016-02-25","31","32","28"
"USW00014848","SOUTH BEND AIRPORT, IN US","2016-02-26","29","32","26"
"USW00014848","SOUTH BEND AIRPORT, IN US","2016-02-27","31","43","24"
"USW00014848","SOUTH BEND AIRPORT, IN US","2016-02-28","47","60","33"
"USW00014848","SOUTH BEND AIRPORT, IN US","2016-02-29","40","49","31"
"USW00014848","SOUTH BEND AIRPORT, IN US","2016-03-01","29","32","21"
"USW00014848","SOUTH BEND AIRPORT, IN US","2016-03-02","22","30","14"
"USW00014848","SOUTH BEND AIRPORT, IN US","2016-03-03","26","30","24"
"USW00014848","SOUTH BEND AIRPORT, IN US","2016-03-04","24","35","8"
"USW00014848","SOUTH BEND AIRPORT, IN US","2016-03-05","30","35","27"
"USW00014848","SOUTH BEND AIRPORT, IN US","2016-03-06","34","46","31"
"USW00014848","SOUTH BEND AIRPORT, IN US","2016-03-07","49","61","43"
"USW00014848","SOUTH BEND AIRPORT, IN US","2016-03-08","60","71","54"
"USW00014848","SOUTH BEND AIRPORT, IN US","2016-03-09","62","65","57"
"USW00014848","SOUTH BEND AIRPORT, IN US","2016-03-10","50","57","34"
"USW00014848","SOUTH BEND AIRPORT, IN US","2016-03-11","40","58","28"
"USW00014848","SOUTH BEND AIRPORT, IN US","2016-03-12","47","59","33"
"USW00014848","SOUTH BEND AIRPORT, IN US","2016-03-13","50","54","45"
"USW00014848","SOUTH BEND AIRPORT, IN US","2016-03-14","49","54","40"
"USW00014848","SOUTH BEND AIRPORT, IN US","2016-03-15","46","61","33"
"USW00014848","SOUTH BEND AIRPORT, IN US","2016-03-16","54","59","45"
"USW00014848","SOUTH BEND AIRPORT, IN US","2016-03-17","47","55","37"
"USW00014848","SOUTH BEND AIRPORT, IN US","2016-03-18","40","45","30"
"USW00014848","SOUTH BEND AIRPORT, IN US","2016-03-19","33","40","26"
"USW00014848","SOUTH BEND AIRPORT, IN US","2016-03-20","34","43","21"
"USW00014848","SOUTH BEND AIRPORT, IN US","2016-03-21","33","45","25"
"USW00014848","SOUTH BEND AIRPORT, IN US","2016-03-22","47","65","39"
"USW00014848","SOUTH BEND AIRPORT, IN US","2016-03-23","54","64","43"
"USW00014848","SOUTH BEND AIRPORT, IN US","2016-03-24","48","57","31"
"USW00014848","SOUTH BEND AIRPORT, IN US","2016-03-25","36","48","30"
"USW00014848","SOUTH BEND AIRPORT, IN US","2016-03-26","39","55","30"
"USW00014848","SOUTH BEND AIRPORT, IN US","2016-03-27","50","70","36"
"USW00014848","SOUTH BEND AIRPORT, IN US","2016-03-28","41","43","28"
"USW00014848","SOUTH BEND AIRPORT, IN US","2016-03-29","38","57","23"
"USW00014848","SOUTH BEND AIRPORT, IN US","2016-03-30","48","60","39"
"USW00014848","SOUTH BEND AIRPORT, IN US","2016-03-31","58","63","46"
"USW00014848","SOUTH BEND AIRPORT, IN US","2016-04-01","44","48","36"
"USW00014848","SOUTH BEND AIRPORT, IN US","2016-04-02","35","40","28"
"USW00014848","SOUTH BEND AIRPORT, IN US","2016-04-03","36","61","25"
"USW00014848","SOUTH BEND AIRPORT, IN US","2016-04-04","40","43","22"
"USW00014848","SOUTH BEND AIRPORT, IN US","2016-04-05","29","43","18"
"USW00014848","SOUTH BEND AIRPORT, IN US","2016-04-06","43","50","38"
"USW00014848","SOUTH BEND AIRPORT, IN US","2016-04-07","38","41","30"
"USW00014848","SOUTH BEND AIRPORT, IN US","2016-04-08","34","39","27"
"USW00014848","SOUTH BEND AIRPORT, IN US","2016-04-09","29","35","24"
"USW00014848","SOUTH BEND AIRPORT, IN US","2016-04-10","34","49","29"
"USW00014848","SOUTH BEND AIRPORT, IN US","2016-04-11","48","52","28"
"USW00014848","SOUTH BEND AIRPORT, IN US","2016-04-12","37","46","24"
"USW00014848","SOUTH BEND AIRPORT, IN US","2016-04-13","41","55","29"
"USW00014848","SOUTH BEND AIRPORT, IN US","2016-04-14","47","63","34"
"USW00014848","SOUTH BEND AIRPORT, IN US","2016-04-15","54","71","37"
"USW00014848","SOUTH BEND AIRPORT, IN US","2016-04-16","61","78","45"
"USW00014848","SOUTH BEND AIRPORT, IN US","2016-04-17","65","80","44"
"USW00014848","SOUTH BEND AIRPORT, IN US","2016-04-18","65","82","46"
"USW00014848","SOUTH BEND AIRPORT, IN US","2016-04-19","63","73","52"
"USW00014848","SOUTH BEND AIRPORT, IN US","2016-04-20","60","73","51"
"USW00014848","SOUTH BEND AIRPORT, IN US","2016-04-21","59","67","51"
"USW00014848","SOUTH BEND AIRPORT, IN US","2016-04-22","51","56","42"
"USW00014848","SOUTH BEND AIRPORT, IN US","2016-04-23","49","63","38"
"USW00014848","SOUTH BEND AIRPORT, IN US","2016-04-24","57","73","43"
"USW00014848","SOUTH BEND AIRPORT, IN US","2016-04-25","68","79","59"
"USW00014848","SOUTH BEND AIRPORT, IN US","2016-04-26","56","66","42"
"USW00014848","SOUTH BEND AIRPORT, IN US","2016-04-27","48","59","43"
"USW00014848","SOUTH BEND AIRPORT, IN US","2016-04-28","49","53","42"
"USW00014848","SOUTH BEND AIRPORT, IN US","2016-04-29","48","51","42"
"USW00014848","SOUTH BEND AIRPORT, IN US","2016-04-30","46","48","44"
"USW00014848","SOUTH BEND AIRPORT, IN US","2016-05-01","50","56","47"
"USW00014848","SOUTH BEND AIRPORT, IN US","2016-05-02","49","53","44"
"USW00014848","SOUTH BEND AIRPORT, IN US","2016-05-03","53","65","39"
"USW00014848","SOUTH BEND AIRPORT, IN US","2016-05-04","49","56","37"
"USW00014848","SOUTH BEND AIRPORT, IN US","2016-05-05","47","57","39"
"USW00014848","SOUTH BEND AIRPORT, IN US","2016-05-06","52","73","34"
"USW00014848","SOUTH BEND AIRPORT, IN US","2016-05-07","59","68","40"
"USW00014848","SOUTH BEND AIRPORT, IN US","2016-05-08","51","68","34"
"USW00014848","SOUTH BEND AIRPORT, IN US","2016-05-09","52","55","44"
"USW00014848","SOUTH BEND AIRPORT, IN US","2016-05-10","53","61","50"
"USW00014848","SOUTH BEND AIRPORT, IN US","2016-05-11","59","70","53"
"USW00014848","SOUTH BEND AIRPORT, IN US","2016-05-12","65","70","54"
"USW00014848","SOUTH BEND AIRPORT, IN US","2016-05-13","57","67","48"
"USW00014848","SOUTH BEND AIRPORT, IN US","2016-05-14","46","54","39"
"USW00014848","SOUTH BEND AIRPORT, IN US","2016-05-15","41","50","31"
"USW00014848","SOUTH BEND AIRPORT, IN US","2016-05-16","50","68","38"
"USW00014848","SOUTH BEND AIRPORT, IN US","2016-05-17","56","61","46"
"USW00014848","SOUTH BEND AIRPORT, IN US","2016-05-18","53","66","39"
"USW00014848","SOUTH BEND AIRPORT, IN US","2016-05-19","54","70","36"
"USW00014848","SOUTH BEND AIRPORT, IN US","2016-05-20","58","69","44"
"USW00014848","SOUTH BEND AIRPORT, IN US","2016-05-21","62","73","45"
"USW00014848","SOUTH BEND AIRPORT, IN US","2016-05-22","60","76","45"
"USW00014848","SOUTH BEND AIRPORT, IN US","2016-05-23","61","79","42"
"USW00014848","SOUTH BEND AIRPORT, IN US","2016-05-24","70","85","51"
"USW00014848","SOUTH BEND AIRPORT, IN US","2016-05-25","74","85","61"
"USW00014848","SOUTH BEND AIRPORT, IN US","2016-05-26","73","84","65"
"USW00014848","SOUTH BEND AIRPORT, IN US","2016-05-27","73","85","64"
"USW00014848","SOUTH BEND AIRPORT, IN US","2016-05-28","75","84","69"
"USW00014848","SOUTH BEND AIRPORT, IN US","2016-05-29","75","85","62"
"USW00014848","SOUTH BEND AIRPORT, IN US","2016-05-30","71","84","58"
"USW00014848","SOUTH BEND AIRPORT, IN US","2016-05-31","72","86","58"
"USW00014848","SOUTH BEND AIRPORT, IN US","2016-06-01","68","77","64"
"USW00014848","SOUTH BEND AIRPORT, IN US","2016-06-02","69","79","56"
"USW00014848","SOUTH BEND AIRPORT, IN US","2016-06-03","67","83","50"
"USW00014848","SOUTH BEND AIRPORT, IN US","2016-06-04","68","76","61"
"USW00014848","SOUTH BEND AIRPORT, IN US","2016-06-05","67","76","60"
"USW00014848","SOUTH BEND AIRPORT, IN US","2016-06-06","68","84","56"
"USW00014848","SOUTH BEND AIRPORT, IN US","2016-06-07","58","62","49"
"USW00014848","SOUTH BEND AIRPORT, IN US","2016-06-08","58","68","45"
"USW00014848","SOUTH BEND AIRPORT, IN US","2016-06-09","59","75","44"
"USW00014848","SOUTH BEND AIRPORT, IN US","2016-06-10","73","92","64"
"USW00014848","SOUTH BEND AIRPORT, IN US","2016-06-11","82","93","71"
"USW00014848","SOUTH BEND AIRPORT, IN US","2016-06-12","73","77","49"
"USW00014848","SOUTH BEND AIRPORT, IN US","2016-06-13","65","86","49"
"USW00014848","SOUTH BEND AIRPORT, IN US","2016-06-14","72","82","61"
"USW00014848","SOUTH BEND AIRPORT, IN US","2016-06-15","77","89","67"
"USW00014848","SOUTH BEND AIRPORT, IN US","2016-06-16","69","77","58"
"USW00014848","SOUTH BEND AIRPORT, IN US","2016-06-17","69","86","55"
"USW00014848","SOUTH BEND AIRPORT, IN US","2016-06-18","72","88","55"
"USW00014848","SOUTH BEND AIRPORT, IN US","2016-06-19","76","90","60"
"USW00014848","SOUTH BEND AIRPORT, IN US","2016-06-20","80","93","64"
"USW00014848","SOUTH BEND AIRPORT, IN US","2016-06-21","71","78","58"
"USW00014848","SOUTH BEND AIRPORT, IN US","2016-06-22","69","79","61"
"USW00014848","SOUTH BEND AIRPORT, IN US","2016-06-23","72","82","68"
"USW00014848","SOUTH BEND AIRPORT, IN US","2016-06-24","73","82","63"
"USW00014848","SOUTH BEND AIRPORT, IN US","2016-06-25","74","86","61"
"USW00014848","SOUTH BEND AIRPORT, IN US","2016-06-26","77","84","71"
"USW00014848","SOUTH BEND AIRPORT, IN US","2016-06-27","76","89","63"
"USW00014848","SOUTH BEND AIRPORT, IN US","2016-06-28","64","65","50"
"USW00014848","SOUTH BEND AIRPORT, IN US","2016-06-29","61","75","47"
"USW00014848","SOUTH BEND AIRPORT, IN US","2016-06-30","65","79","52"
"USW00014848","SOUTH BEND AIRPORT, IN US","2016-07-01","67","69","53"
"USW00014848","SOUTH BEND AIRPORT, IN US","2016-07-02","60","74","49"
"USW00014848","SOUTH BEND AIRPORT, IN US","2016-07-03","64","75","52"
"USW00014848","SOUTH BEND AIRPORT, IN US","2016-07-04","69","76","63"
"USW00014848","SOUTH BEND AIRPORT, IN US","2016-07-05","72","84","63"
"USW00014848","SOUTH BEND AIRPORT, IN US","2016-07-06","74","85","66"
"USW00014848","SOUTH BEND AIRPORT, IN US","2016-07-07","76","84","69"
"USW00014848","SOUTH BEND AIRPORT, IN US","2016-07-08","76","86","67"
"USW00014848","SOUTH BEND AIRPORT, IN US","2016-07-09","70","73","58"
"USW00014848","SOUTH BEND AIRPORT, IN US","2016-07-10","68","82","55"
"USW00014848","SOUTH BEND AIRPORT, IN US","2016-07-11","76","89","63"
"USW00014848","SOUTH BEND AIRPORT, IN US","2016-07-12","80","92","69"
"USW00014848","SOUTH BEND AIRPORT, IN US","2016-07-13","76","86","68"
"USW00014848","SOUTH BEND AIRPORT, IN US","2016-07-14","74","87","67"
"USW00014848","SOUTH BEND AIRPORT, IN US","2016-07-15","71","76","60"
"USW00014848","SOUTH BEND AIRPORT, IN US","2016-07-16","65","78","56"
"USW00014848","SOUTH BEND AIRPORT, IN US","2016-07-17","67","83","54"
"USW00014848","SOUTH BEND AIRPORT, IN US","2016-07-18","75","83","64"
"USW00014848","SOUTH BEND AIRPORT, IN US","2016-07-19","74","87","60"
"USW00014848","SOUTH BEND AIRPORT, IN US","2016-07-20","77","89","64"
"USW00014848","SOUTH BEND AIRPORT, IN US","2016-07-21","77","89","69"
"USW00014848","SOUTH BEND AIRPORT, IN US","2016-07-22","79","86","69"
"USW00014848","SOUTH BEND AIRPORT, IN US","2016-07-23","80","91","72"
"USW00014848","SOUTH BEND AIRPORT, IN US","2016-07-24","78","89","70"
"USW00014848","SOUTH BEND AIRPORT, IN US","2016-07-25","77","83","67"
"USW00014848","SOUTH BEND AIRPORT, IN US","2016-07-26","74","87","63"
"USW00014848","SOUTH BEND AIRPORT, IN US","2016-07-27","75","88","61"
"USW00014848","SOUTH BEND AIRPORT, IN US","2016-07-28","74","86","65"
"USW00014848","SOUTH BEND AIRPORT, IN US","2016-07-29","72","82","65"
"USW00014848","SOUTH BEND AIRPORT, IN US","2016-07-30","71","81","66"
"USW00014848","SOUTH BEND AIRPORT, IN US","2016-07-31","71","81","63"
"USW00014848","SOUTH BEND AIRPORT, IN US","2016-08-01","70","85","63"
"USW00014848","SOUTH BEND AIRPORT, IN US","2016-08-02","75","88","64"
"USW00014848","SOUTH BEND AIRPORT, IN US","2016-08-03","77","90","65"
"USW00014848","SOUTH BEND AIRPORT, IN US","2016-08-04","79","91","68"
"USW00014848","SOUTH BEND AIRPORT, IN US","2016-08-05","78","83","67"
"USW00014848","SOUTH BEND AIRPORT, IN US","2016-08-06","73","83","60"
"USW00014848","SOUTH BEND AIRPORT, IN US","2016-08-07","70","86","57"
"USW00014848","SOUTH BEND AIRPORT, IN US","2016-08-08","75","86","64"
"USW00014848","SOUTH BEND AIRPORT, IN US","2016-08-09","76","88","60"
"USW00014848","SOUTH BEND AIRPORT, IN US","2016-08-10","78","92","65"
"USW00014848","SOUTH BEND AIRPORT, IN US","2016-08-11","81","93","74"
"USW00014848","SOUTH BEND AIRPORT, IN US","2016-08-12","82","90","73"
"USW00014848","SOUTH BEND AIRPORT, IN US","2016-08-13","77","83","68"
"USW00014848","SOUTH BEND AIRPORT, IN US","2016-08-14","73","81","66"
"USW00014848","SOUTH BEND AIRPORT, IN US","2016-08-15","70","75","65"
"USW00014848","SOUTH BEND AIRPORT, IN US","2016-08-16","74","82","69"
"USW00014848","SOUTH BEND AIRPORT, IN US","2016-08-17","74","85","67"
"USW00014848","SOUTH BEND AIRPORT, IN US","2016-08-18","73","82","66"
"USW00014848","SOUTH BEND AIRPORT, IN US","2016-08-19","72","79","66"
"USW00014848","SOUTH BEND AIRPORT, IN US","2016-08-20","73","80","64"
"USW00014848","SOUTH BEND AIRPORT, IN US","2016-08-21","66","72","58"
"USW00014848","SOUTH BEND AIRPORT, IN US","2016-08-22","65","77","55"
"USW00014848","SOUTH BEND AIRPORT, IN US","2016-08-23","68","80","56"
"USW00014848","SOUTH BEND AIRPORT, IN US","2016-08-24","72","81","67"
"USW00014848","SOUTH BEND AIRPORT, IN US","2016-08-25","74","80","67"
"USW00014848","SOUTH BEND AIRPORT, IN US","2016-08-26","73","84","64"
"USW00014848","SOUTH BEND AIRPORT, IN US","2016-08-27","73","82","68"
"USW00014848","SOUTH BEND AIRPORT, IN US","2016-08-28","76","84","69"
"USW00014848","SOUTH BEND AIRPORT, IN US","2016-08-29","75","85","66"
"USW00014848","SOUTH BEND AIRPORT, IN US","2016-08-30","75","82","69"
"USW00014848","SOUTH BEND AIRPORT, IN US","2016-08-31","73","82","61"
"USW00014848","SOUTH BEND AIRPORT, IN US","2016-09-01","65","74","56"
"USW00014848","SOUTH BEND AIRPORT, IN US","2016-09-02","65","75","53"
"USW00014848","SOUTH BEND AIRPORT, IN US","2016-09-03","65","77","50"
"USW00014848","SOUTH BEND AIRPORT, IN US","2016-09-04","67","80","57"
"USW00014848","SOUTH BEND AIRPORT, IN US","2016-09-05","73","87","59"
"USW00014848","SOUTH BEND AIRPORT, IN US","2016-09-06","79","90","71"
"USW00014848","SOUTH BEND AIRPORT, IN US","2016-09-07","81","91","73"
"USW00014848","SOUTH BEND AIRPORT, IN US","2016-09-08","77","81","68"
"USW00014848","SOUTH BEND AIRPORT, IN US","2016-09-09","72","80","64"
"USW00014848","SOUTH BEND AIRPORT, IN US","2016-09-10","69","71","59"
"USW00014848","SOUTH BEND AIRPORT, IN US","2016-09-11","63","74","52"
"USW00014848","SOUTH BEND AIRPORT, IN US","2016-09-12","65","77","56"
"USW00014848","SOUTH BEND AIRPORT, IN US","2016-09-13","68","83","56"
"USW00014848","SOUTH BEND AIRPORT, IN US","2016-09-14","69","72","60"
"USW00014848","SOUTH BEND AIRPORT, IN US","2016-09-15","65","75","57"
"USW00014848","SOUTH BEND AIRPORT, IN US","2016-09-16","68","83","57"
"USW00014848","SOUTH BEND AIRPORT, IN US","2016-09-17","72","79","62"
"USW00014848","SOUTH BEND AIRPORT, IN US","2016-09-18","68","77","56"
"USW00014848","SOUTH BEND AIRPORT, IN US","2016-09-19","66","83","53"
"USW00014848","SOUTH BEND AIRPORT, IN US","2016-09-20","71","82","62"
"USW00014848","SOUTH BEND AIRPORT, IN US","2016-09-21","71","84","62"
"USW00014848","SOUTH BEND AIRPORT, IN US","2016-09-22","71","82","62"
"USW00014848","SOUTH BEND AIRPORT, IN US","2016-09-23","71","78","63"
"USW00014848","SOUTH BEND AIRPORT, IN US","2016-09-24","67","75","59"
"USW00014848","SOUTH BEND AIRPORT, IN US","2016-09-25","68","83","59"
"USW00014848","SOUTH BEND AIRPORT, IN US","2016-09-26","65","69","51"
"USW00014848","SOUTH BEND AIRPORT, IN US","2016-09-27","57","69","47"
"USW00014848","SOUTH BEND AIRPORT, IN US","2016-09-28","55","61","50"
"USW00014848","SOUTH BEND AIRPORT, IN US","2016-09-29","59","70","55"
"USW00014848","SOUTH BEND AIRPORT, IN US","2016-09-30","60","65","58"
"USW00014848","SOUTH BEND AIRPORT, IN US","2016-10-01","60","67","47"
"USW00014848","SOUTH BEND AIRPORT, IN US","2016-10-02","55","67","47"
"USW00014848","SOUTH BEND AIRPORT, IN US","2016-10-03","61","67","56"
"USW00014848","SOUTH BEND AIRPORT, IN US","2016-10-04","63","76","58"
"USW00014848","SOUTH BEND AIRPORT, IN US","2016-10-05","69","81","59"
"USW00014848","SOUTH BEND AIRPORT, IN US","2016-10-06","67","78","57"
"USW00014848","SOUTH BEND AIRPORT, IN US","2016-10-07","68","79","50"
"USW00014848","SOUTH BEND AIRPORT, IN US","2016-10-08","53","59","43"
"USW00014848","SOUTH BEND AIRPORT, IN US","2016-10-09","51","63","43"
"USW00014848","SOUTH BEND AIRPORT, IN US","2016-10-10","54","68","43"
"USW00014848","SOUTH BEND AIRPORT, IN US","2016-10-11","60","71","53"
"USW00014848","SOUTH BEND AIRPORT, IN US","2016-10-12","63","72","50"
"USW00014848","SOUTH BEND AIRPORT, IN US","2016-10-13","51","57","38"
"USW00014848","SOUTH BEND AIRPORT, IN US","2016-10-14","48","64","39"
"USW00014848","SOUTH BEND AIRPORT, IN US","2016-10-15","58","72","48"
"USW00014848","SOUTH BEND AIRPORT, IN US","2016-10-16","65","67","62"
"USW00014848","SOUTH BEND AIRPORT, IN US","2016-10-17","70","80","63"
"USW00014848","SOUTH BEND AIRPORT, IN US","2016-10-18","72","76","49"
"USW00014848","SOUTH BEND AIRPORT, IN US","2016-10-19","56","70","45"
"USW00014848","SOUTH BEND AIRPORT, IN US","2016-10-20","55","58","50"
"USW00014848","SOUTH BEND AIRPORT, IN US","2016-10-21","48","54","38"
"USW00014848","SOUTH BEND AIRPORT, IN US","2016-10-22","45","55","36"
"USW00014848","SOUTH BEND AIRPORT, IN US","2016-10-23","52","71","41"
"USW00014848","SOUTH BEND AIRPORT, IN US","2016-10-24","52","56","35"
"USW00014848","SOUTH BEND AIRPORT, IN US","2016-10-25","42","53","30"
"USW00014848","SOUTH BEND AIRPORT, IN US","2016-10-26","46","47","42"
"USW00014848","SOUTH BEND AIRPORT, IN US","2016-10-27","45","48","43"
"USW00014848","SOUTH BEND AIRPORT, IN US","2016-10-28","48","61","40"
"USW00014848","SOUTH BEND AIRPORT, IN US","2016-10-29","63","70","59"
"USW00014848","SOUTH BEND AIRPORT, IN US","2016-10-30","56","59","39"
"USW00014848","SOUTH BEND AIRPORT, IN US","2016-10-31","45","55","35"
"USW00014848","SOUTH BEND AIRPORT, IN US","2016-11-01","62","77","54"
"USW00014848","SOUTH BEND AIRPORT, IN US","2016-11-02","64","71","59"
"USW00014848","SOUTH BEND AIRPORT, IN US","2016-11-03","57","61","47"
"USW00014848","SOUTH BEND AIRPORT, IN US","2016-11-04","47","58","36"
"USW00014848","SOUTH BEND AIRPORT, IN US","2016-11-05","48","65","38"
"USW00014848","SOUTH BEND AIRPORT, IN US","2016-11-06","53","68","40"
"USW00014848","SOUTH BEND AIRPORT, IN US","2016-11-07","51","65","40"
"USW00014848","SOUTH BEND AIRPORT, IN US","2016-11-08","50","57","45"
"USW00014848","SOUTH BEND AIRPORT, IN US","2016-11-09","47","55","36"
"USW00014848","SOUTH BEND AIRPORT, IN US","2016-11-10","44","60","35"
"USW00014848","SOUTH BEND AIRPORT, IN US","2016-11-11","49","53","32"
"USW00014848","SOUTH BEND AIRPORT, IN US","2016-11-12","36","50","24"
"USW00014848","SOUTH BEND AIRPORT, IN US","2016-11-13","40","53","27"
"USW00014848","SOUTH BEND AIRPORT, IN US","2016-11-14","45","58","35"
"USW00014848","SOUTH BEND AIRPORT, IN US","2016-11-15","48","60","35"
"USW00014848","SOUTH BEND AIRPORT, IN US","2016-11-16","50","60","36"
"USW00014848","SOUTH BEND AIRPORT, IN US","2016-11-17","54","72","35"
"USW00014848","SOUTH BEND AIRPORT, IN US","2016-11-18","66","71","44"
"USW00014848","SOUTH BEND AIRPORT, IN US","2016-11-19","39","41","30"
"USW00014848","SOUTH BEND AIRPORT, IN US","2016-11-20","36","37","32"
"USW00014848","SOUTH BEND AIRPORT, IN US","2016-11-21","37","41","30"
"USW00014848","SOUTH BEND AIRPORT, IN US","2016-11-22","35","41","27"
"USW00014848","SOUTH BEND AIRPORT, IN US","2016-11-23","40","41","33"
"USW00014848","SOUTH BEND AIRPORT, IN US","2016-11-24","42","44","39"
"USW00014848","SOUTH BEND AIRPORT, IN US","2016-11-25","38","40","36"
"USW00014848","SOUTH BEND AIRPORT, IN US","2016-11-26","40","43","38"
"USW00014848","SOUTH BEND AIRPORT, IN US","2016-11-27","36","44","29"
"USW00014848","SOUTH BEND AIRPORT, IN US","2016-11-28","44","47","38"
"USW00014848","SOUTH BEND AIRPORT, IN US","2016-11-29","50","57","44"
"USW00014848","SOUTH BEND AIRPORT, IN US","2016-11-30","44","47","34"
"USW00014848","SOUTH BEND AIRPORT, IN US","2016-12-01","36","40","34"
"USW00014848","SOUTH BEND AIRPORT, IN US","2016-12-02","36","37","34"
"USW00014848","SOUTH BEND AIRPORT, IN US","2016-12-03","35","36","32"
"USW00014848","SOUTH BEND AIRPORT, IN US","2016-12-04","32","35","30"
"USW00014848","SOUTH BEND AIRPORT, IN US","2016-12-05","32","33","30"
"USW00014848","SOUTH BEND AIRPORT, IN US","2016-12-06","33","40","28"
"USW00014848","SOUTH BEND AIRPORT, IN US","2016-12-07","29","31","25"
"USW00014848","SOUTH BEND AIRPORT, IN US","2016-12-08","22","25","19"
"USW00014848","SOUTH BEND AIRPORT, IN US","2016-12-09","22","26","20"
"USW00014848","SOUTH BEND AIRPORT, IN US","2016-12-10","20","23","18"
"USW00014848","SOUTH BEND AIRPORT, IN US","2016-12-11","25","32","22"
"USW00014848","SOUTH BEND AIRPORT, IN US","2016-12-12","28","33","4"
"USW00014848","SOUTH BEND AIRPORT, IN US","2016-12-13","16","24","6"
"USW00014848","SOUTH BEND AIRPORT, IN US","2016-12-14","8","19","-3"
"USW00014848","SOUTH BEND AIRPORT, IN US","2016-12-15","9","11","3"
"USW00014848","SOUTH BEND AIRPORT, IN US","2016-12-16","9","19","4"
"USW00014848","SOUTH BEND AIRPORT, IN US","2016-12-17","22","29","19"
"USW00014848","SOUTH BEND AIRPORT, IN US","2016-12-18","19","22","-4"
"USW00014848","SOUTH BEND AIRPORT, IN US","2016-12-19","-3","9","-14"
"USW00014848","SOUTH BEND AIRPORT, IN US","2016-12-20","15","26","8"
"USW00014848","SOUTH BEND AIRPORT, IN US","2016-12-21","24","35","16"
"USW00014848","SOUTH BEND AIRPORT, IN US","2016-12-22","34","37","24"
"USW00014848","SOUTH BEND AIRPORT, IN US","2016-12-23","29","36","23"
"USW00014848","SOUTH BEND AIRPORT, IN US","2016-12-24","35","37","33"
"USW00014848","SOUTH BEND AIRPORT, IN US","2016-12-25","33","35","32"
"USW00014848","SOUTH BEND AIRPORT, IN US","2016-12-26","44","53","31"
"USW00014848","SOUTH BEND AIRPORT, IN US","2016-12-27","31","33","26"
"USW00014848","SOUTH BEND AIRPORT, IN US","2016-12-28","30","42","21"
"USW00014848","SOUTH BEND AIRPORT, IN US","2016-12-29","34","37","29"
"USW00014848","SOUTH BEND AIRPORT, IN US","2016-12-30","29","32","26"
"USW00014848","SOUTH BEND AIRPORT, IN US","2016-12-31","35","42","29"
"USW00014848","SOUTH BEND AIRPORT, IN US","2017-01-01","29","38","20"
"USW00014848","SOUTH BEND AIRPORT, IN US","2017-01-02","32","41","26"
"USW00014848","SOUTH BEND AIRPORT, IN US","2017-01-03","38","41","33"
"USW00014848","SOUTH BEND AIRPORT, IN US","2017-01-04","24","33","15"
"USW00014848","SOUTH BEND AIRPORT, IN US","2017-01-05","13","15","8"
"USW00014848","SOUTH BEND AIRPORT, IN US","2017-01-06","6","9","-2"
"USW00014848","SOUTH BEND AIRPORT, IN US","2017-01-07","5","16","-4"
"USW00014848","SOUTH BEND AIRPORT, IN US","2017-01-08","14","17","12"
"USW00014848","SOUTH BEND AIRPORT, IN US","2017-01-09","20","29","14"
"USW00014848","SOUTH BEND AIRPORT, IN US","2017-01-10","35","50","28"
"USW00014848","SOUTH BEND AIRPORT, IN US","2017-01-11","35","54","26"
"USW00014848","SOUTH BEND AIRPORT, IN US","2017-01-12","34","38","23"
"USW00014848","SOUTH BEND AIRPORT, IN US","2017-01-13","24","27","19"
"USW00014848","SOUTH BEND AIRPORT, IN US","2017-01-14","27","31","18"
"USW00014848","SOUTH BEND AIRPORT, IN US","2017-01-15","24","36","17"
"USW00014848","SOUTH BEND AIRPORT, IN US","2017-01-16","32","37","28"
"USW00014848","SOUTH BEND AIRPORT, IN US","2017-01-17","40","50","34"
"USW00014848","SOUTH BEND AIRPORT, IN US","2017-01-18","34","35","33"
"USW00014848","SOUTH BEND AIRPORT, IN US","2017-01-19","35","39","33"
"USW00014848","SOUTH BEND AIRPORT, IN US","2017-01-20","38","46","37"
"USW00014848","SOUTH BEND AIRPORT, IN US","2017-01-21","50","61","37"
"USW00014848","SOUTH BEND AIRPORT, IN US","2017-01-22","40","43","34"
"USW00014848","SOUTH BEND AIRPORT, IN US","2017-01-23","39","40","37"
"USW00014848","SOUTH BEND AIRPORT, IN US","2017-01-24","37","38","35"
"USW00014848","SOUTH BEND AIRPORT, IN US","2017-01-25","38","47","34"
"USW00014848","SOUTH BEND AIRPORT, IN US","2017-01-26","33","34","30"
"USW00014848","SOUTH BEND AIRPORT, IN US","2017-01-27","28","30","23"
"USW00014848","SOUTH BEND AIRPORT, IN US","2017-01-28","25","28","24"
"USW00014848","SOUTH BEND AIRPORT, IN US","2017-01-29","26","27","21"
"USW00014848","SOUTH BEND AIRPORT, IN US","2017-01-30","22","32","19"
"USW00014848","SOUTH BEND AIRPORT, IN US","2017-01-31","33","35","32"
"USW00014848","SOUTH BEND AIRPORT, IN US","2017-02-01","33","36","27"
"USW00014848","SOUTH BEND AIRPORT, IN US","2017-02-02","22","27","15"
"USW00014848","SOUTH BEND AIRPORT, IN US","2017-02-03","20","25","15"
"USW00014848","SOUTH BEND AIRPORT, IN US","2017-02-04","20","31","11"
"USW00014848","SOUTH BEND AIRPORT, IN US","2017-02-05","31","38","21"
"USW00014848","SOUTH BEND AIRPORT, IN US","2017-02-06","32","54","19"
"USW00014848","SOUTH BEND AIRPORT, IN US","2017-02-07","47","57","36"
"USW00014848","SOUTH BEND AIRPORT, IN US","2017-02-08","33","36","24"
"USW00014848","SOUTH BEND AIRPORT, IN US","2017-02-09","20","24","14"
"USW00014848","SOUTH BEND AIRPORT, IN US","2017-02-10","23","39","14"
"USW00014848","SOUTH BEND AIRPORT, IN US","2017-02-11","40","50","33"
"USW00014848","SOUTH BEND AIRPORT, IN US","2017-02-12","39","46","33"
"USW00014848","SOUTH BEND AIRPORT, IN US","2017-02-13","34","44","23"
"USW00014848","SOUTH BEND AIRPORT, IN US","2017-02-14","37","50","30"
"USW00014848","SOUTH BEND AIRPORT, IN US","2017-02-15","33","35","24"
"USW00014848","SOUTH BEND AIRPORT, IN US","2017-02-16","28","36","24"
"USW00014848","SOUTH BEND AIRPORT, IN US","2017-02-17","40","64","28"
"USW00014848","SOUTH BEND AIRPORT, IN US","2017-02-18","53","66","36"
"USW00014848","SOUTH BEND AIRPORT, IN US","2017-02-19","45","65","28"
"USW00014848","SOUTH BEND AIRPORT, IN US","2017-02-20","47","64","34"
"USW00014848","SOUTH BEND AIRPORT, IN US","2017-02-21","56","62","46"
"USW00014848","SOUTH BEND AIRPORT, IN US","2017-02-22","52","62","41"
"USW00014848","SOUTH BEND AIRPORT, IN US","2017-02-23","51","59","41"
"USW00014848","SOUTH BEND AIRPORT, IN US","2017-02-24","53","63","35"
"USW00014848","SOUTH BEND AIRPORT, IN US","2017-02-25","31","37","23"
"USW00014848","SOUTH BEND AIRPORT, IN US","2017-02-26","30","46","19"
"USW00014848","SOUTH BEND AIRPORT, IN US","2017-02-27","39","51","27"
"USW00014848","SOUTH BEND AIRPORT, IN US","2017-02-28","47","59","43"
"USW00014848","SOUTH BEND AIRPORT, IN US","2017-03-01","47","55","29"
"USW00014848","SOUTH BEND AIRPORT, IN US","2017-03-02","29","31","24"
"USW00014848","SOUTH BEND AIRPORT, IN US","2017-03-03","25","27","22"
"USW00014848","SOUTH BEND AIRPORT, IN US","2017-03-04","27","35","23"
"USW00014848","SOUTH BEND AIRPORT, IN US","2017-03-05","37","57","27"
"USW00014848","SOUTH BEND AIRPORT, IN US","2017-03-06","53","57","49"
"USW00014848","SOUTH BEND AIRPORT, IN US","2017-03-07","53","61","40"
"USW00014848","SOUTH BEND AIRPORT, IN US","2017-03-08","44","52","36"
"USW00014848","SOUTH BEND AIRPORT, IN US","2017-03-09","38","42","23"
"USW00014848","SOUTH BEND AIRPORT, IN US","2017-03-10","29","33","16"
"USW00014848","SOUTH BEND AIRPORT, IN US","2017-03-11","21","26","15"
"USW00014848","SOUTH BEND AIRPORT, IN US","2017-03-12","23","34","15"
"USW00014848","SOUTH BEND AIRPORT, IN US","2017-03-13","26","29","22"
"USW00014848","SOUTH BEND AIRPORT, IN US","2017-03-14","20","24","13"
"USW00014848","SOUTH BEND AIRPORT, IN US","2017-03-15","21","29","15"
"USW00014848","SOUTH BEND AIRPORT, IN US","2017-03-16","23","35","12"
"USW00014848","SOUTH BEND AIRPORT, IN US","2017-03-17","31","40","27"
"USW00014848","SOUTH BEND AIRPORT, IN US","2017-03-18","36","41","35"
"USW00014848","SOUTH BEND AIRPORT, IN US","2017-03-19","38","47","33"
"USW00014848","SOUTH BEND AIRPORT, IN US","2017-03-20","44","54","37"
"USW00014848","SOUTH BEND AIRPORT, IN US","2017-03-21","40","50","29"
"USW00014848","SOUTH BEND AIRPORT, IN US","2017-03-22","29","38","18"
"USW00014848","SOUTH BEND AIRPORT, IN US","2017-03-23","32","48","25"
"USW00014848","SOUTH BEND AIRPORT, IN US","2017-03-24","56","78","45"
"USW00014848","SOUTH BEND AIRPORT, IN US","2017-03-25","53","59","42"
"USW00014848","SOUTH BEND AIRPORT, IN US","2017-03-26","49","58","44"
"USW00014848","SOUTH BEND AIRPORT, IN US","2017-03-27","51","55","42"
"USW00014848","SOUTH BEND AIRPORT, IN US","2017-03-28","43","46","35"
"USW00014848","SOUTH BEND AIRPORT, IN US","2017-03-29","43","57","31"
"USW00014848","SOUTH BEND AIRPORT, IN US","2017-03-30","44","46","39"
"USW00014848","SOUTH BEND AIRPORT, IN US","2017-03-31","40","43","37"
"USW00014848","SOUTH BEND AIRPORT, IN US","2017-04-01","41","53","30"
"USW00014848","SOUTH BEND AIRPORT, IN US","2017-04-02","44","59","31"
"USW00014848","SOUTH BEND AIRPORT, IN US","2017-04-03","51","57","47"
"USW00014848","SOUTH BEND AIRPORT, IN US","2017-04-04","47","57","33"
"USW00014848","SOUTH BEND AIRPORT, IN US","2017-04-05","42","46","32"
"USW00014848","SOUTH BEND AIRPORT, IN US","2017-04-06","38","42","32"
"USW00014848","SOUTH BEND AIRPORT, IN US","2017-04-07","39","46","28"
"USW00014848","SOUTH BEND AIRPORT, IN US","2017-04-08","43","63","27"
"USW00014848","SOUTH BEND AIRPORT, IN US","2017-04-09","61","76","49"
"USW00014848","SOUTH BEND AIRPORT, IN US","2017-04-10","67","72","54"
"USW00014848","SOUTH BEND AIRPORT, IN US","2017-04-11","50","54","40"
"USW00014848","SOUTH BEND AIRPORT, IN US","2017-04-12","44","58","30"
"USW00014848","SOUTH BEND AIRPORT, IN US","2017-04-13","48","56","37"
"USW00014848","SOUTH BEND AIRPORT, IN US","2017-04-14","53","69","44"
"USW00014848","SOUTH BEND AIRPORT, IN US","2017-04-15","66","80","57"
"USW00014848","SOUTH BEND AIRPORT, IN US","2017-04-16","67","71","45"
"USW00014848","SOUTH BEND AIRPORT, IN US","2017-04-17","55","69","39"
"USW00014848","SOUTH BEND AIRPORT, IN US","2017-04-18","58","74","45"
"USW00014848","SOUTH BEND AIRPORT, IN US","2017-04-19","65","71","51"
"USW00014848","SOUTH BEND AIRPORT, IN US","2017-04-20","63","76","51"
"USW00014848","SOUTH BEND AIRPORT, IN US","2017-04-21","47","51","37"
"USW00014848","SOUTH BEND AIRPORT, IN US","2017-04-22","46","62","35"
"USW00014848","SOUTH BEND AIRPORT, IN US","2017-04-23","49","69","31"
"USW00014848","SOUTH BEND AIRPORT, IN US","2017-04-24","54","72","37"
"USW00014848","SOUTH BEND AIRPORT, IN US","2017-04-25","61","74","49"
"USW00014848","SOUTH BEND AIRPORT, IN US","2017-04-26","70","82","61"
"USW00014848","SOUTH BEND AIRPORT, IN US","2017-04-27","57","61","45"
"USW00014848","SOUTH BEND AIRPORT, IN US","2017-04-28","50","61","41"
"USW00014848","SOUTH BEND AIRPORT, IN US","2017-04-29","52","55","44"
"USW00014848","SOUTH BEND AIRPORT, IN US","2017-04-30","51","68","43"
"USW00014848","SOUTH BEND AIRPORT, IN US","2017-05-01","58","65","44"
"USW00014848","SOUTH BEND AIRPORT, IN US","2017-05-02","44","47","40"
"USW00014848","SOUTH BEND AIRPORT, IN US","2017-05-03","44","56","31"
"USW00014848","SOUTH BEND AIRPORT, IN US","2017-05-04","46","50","42"
"USW00014848","SOUTH BEND AIRPORT, IN US","2017-05-05","45","55","39"
"USW00014848","SOUTH BEND AIRPORT, IN US","2017-05-06","46","53","39"
"USW00014848","SOUTH BEND AIRPORT, IN US","2017-05-07","44","51","31"
"USW00014848","SOUTH BEND AIRPORT, IN US","2017-05-08","41","57","28"
"USW00014848","SOUTH BEND AIRPORT, IN US","2017-05-09","48","58","42"
"USW00014848","SOUTH BEND AIRPORT, IN US","2017-05-10","59","71","48"
"USW00014848","SOUTH BEND AIRPORT, IN US","2017-05-11","55","66","45"
"USW00014848","SOUTH BEND AIRPORT, IN US","2017-05-12","56","70","41"
"USW00014848","SOUTH BEND AIRPORT, IN US","2017-05-13","57","73","40"
"USW00014848","SOUTH BEND AIRPORT, IN US","2017-05-14","60","72","47"
"USW00014848","SOUTH BEND AIRPORT, IN US","2017-05-15","62","78","48"
"USW00014848","SOUTH BEND AIRPORT, IN US","2017-05-16","73","85","62"
"USW00014848","SOUTH BEND AIRPORT, IN US","2017-05-17","76","84","67"
"USW00014848","SOUTH BEND AIRPORT, IN US","2017-05-18","76","85","55"
"USW00014848","SOUTH BEND AIRPORT, IN US","2017-05-19","53","56","46"
"USW00014848","SOUTH BEND AIRPORT, IN US","2017-05-20","53","64","49"
"USW00014848","SOUTH BEND AIRPORT, IN US","2017-05-21","63","68","51"
"USW00014848","SOUTH BEND AIRPORT, IN US","2017-05-22","57","71","48"
"USW00014848","SOUTH BEND AIRPORT, IN US","2017-05-23","61","66","57"
"USW00014848","SOUTH BEND AIRPORT, IN US","2017-05-24","60","70","54"
"USW00014848","SOUTH BEND AIRPORT, IN US","2017-05-25","57","60","48"
"USW00014848","SOUTH BEND AIRPORT, IN US","2017-05-26","58","71","47"
"USW00014848","SOUTH BEND AIRPORT, IN US","2017-05-27","63","74","57"
"USW00014848","SOUTH BEND AIRPORT, IN US","2017-05-28","66","76","57"
"USW00014848","SOUTH BEND AIRPORT, IN US","2017-05-29","65","78","53"
"USW00014848","SOUTH BEND AIRPORT, IN US","2017-05-30","60","70","49"
"USW00014848","SOUTH BEND AIRPORT, IN US","2017-05-31","60","69","49"
"USW00014848","SOUTH BEND AIRPORT, IN US","2017-06-01","62","74","46"
"USW00014848","SOUTH BEND AIRPORT, IN US","2017-06-02","64","81","47"
"USW00014848","SOUTH BEND AIRPORT, IN US","2017-06-03","69","84","51"
"USW00014848","SOUTH BEND AIRPORT, IN US","2017-06-04","77","87","65"
"USW00014848","SOUTH BEND AIRPORT, IN US","2017-06-05","71","80","54"
"USW00014848","SOUTH BEND AIRPORT, IN US","2017-06-06","62","74","48"
"USW00014848","SOUTH BEND AIRPORT, IN US","2017-06-07","64","76","49"
"USW00014848","SOUTH BEND AIRPORT, IN US","2017-06-08","64","79","48"
"USW00014848","SOUTH BEND AIRPORT, IN US","2017-06-09","70","84","58"
"USW00014848","SOUTH BEND AIRPORT, IN US","2017-06-10","74","87","64"
"USW00014848","SOUTH BEND AIRPORT, IN US","2017-06-11","79","91","67"
"USW00014848","SOUTH BEND AIRPORT, IN US","2017-06-12","81","92","70"
"USW00014848","SOUTH BEND AIRPORT, IN US","2017-06-13","78","89","69"
"USW00014848","SOUTH BEND AIRPORT, IN US","2017-06-14","78","90","66"
"USW00014848","SOUTH BEND AIRPORT, IN US","2017-06-15","73","84","66"
"USW00014848","SOUTH BEND AIRPORT, IN US","2017-06-16","74","82","66"
"USW00014848","SOUTH BEND AIRPORT, IN US","2017-06-17","77","87","70"
"USW00014848","SOUTH BEND AIRPORT, IN US","2017-06-18","74","80","62"
"USW00014848","SOUTH BEND AIRPORT, IN US","2017-06-19","67","77","57"
"USW00014848","SOUTH BEND AIRPORT, IN US","2017-06-20","65","79","55"
"USW00014848","SOUTH BEND AIRPORT, IN US","2017-06-21","65","79","51"
"USW00014848","SOUTH BEND AIRPORT, IN US","2017-06-22","76","87","69"
"USW00014848","SOUTH BEND AIRPORT, IN US","2017-06-23","72","76","65"
"USW00014848","SOUTH BEND AIRPORT, IN US","2017-06-24","67","74","57"
"USW00014848","SOUTH BEND AIRPORT, IN US","2017-06-25","63","71","53"
"USW00014848","SOUTH BEND AIRPORT, IN US","2017-06-26","62","71","50"
"USW00014848","SOUTH BEND AIRPORT, IN US","2017-06-27","60","72","47"
"USW00014848","SOUTH BEND AIRPORT, IN US","2017-06-28","65","78","54"
"USW00014848","SOUTH BEND AIRPORT, IN US","2017-06-29","76","85","65"
"USW00014848","SOUTH BEND AIRPORT, IN US","2017-06-30","72","83","64"
"USW00014848","SOUTH BEND AIRPORT, IN US","2017-07-01","73","82","62"
"USW00014848","SOUTH BEND AIRPORT, IN US","2017-07-02","70","83","57"
"USW00014848","SOUTH BEND AIRPORT, IN US","2017-07-03","71","83","63"
"USW00014848","SOUTH BEND AIRPORT, IN US","2017-07-04","74","82","66"
"USW00014848","SOUTH BEND AIRPORT, IN US","2017-07-05","74","84","63"
"USW00014848","SOUTH BEND AIRPORT, IN US","2017-07-06","75","88","62"
"USW00014848","SOUTH BEND AIRPORT, IN US","2017-07-07","73","79","64"
"USW00014848","SOUTH BEND AIRPORT, IN US","2017-07-08","67","73","54"
"USW00014848","SOUTH BEND AIRPORT, IN US","2017-07-09","66","80","52"
"USW00014848","SOUTH BEND AIRPORT, IN US","2017-07-10","73","79","67"
"USW00014848","SOUTH BEND AIRPORT, IN US","2017-07-11","76","85","70"
"USW00014848","SOUTH BEND AIRPORT, IN US","2017-07-12","74","79","70"
"USW00014848","SOUTH BEND AIRPORT, IN US","2017-07-13","76","85","67"
"USW00014848","SOUTH BEND AIRPORT, IN US","2017-07-14","69","74","60"
"USW00014848","SOUTH BEND AIRPORT, IN US","2017-07-15","66","79","55"
"USW00014848","SOUTH BEND AIRPORT, IN US","2017-07-16","71","78","59"
"USW00014848","SOUTH BEND AIRPORT, IN US","2017-07-17","67","82","54"
"USW00014848","SOUTH BEND AIRPORT, IN US","2017-07-18","71","86","59"
"USW00014848","SOUTH BEND AIRPORT, IN US","2017-07-19","76","87","65"
"USW00014848","SOUTH BEND AIRPORT, IN US","2017-07-20","75","87","68"
"USW00014848","SOUTH BEND AIRPORT, IN US","2017-07-21","76","87","66"
"USW00014848","SOUTH BEND AIRPORT, IN US","2017-07-22","76","83","69"
"USW00014848","SOUTH BEND AIRPORT, IN US","2017-07-23","76","86","67"
"USW00014848","SOUTH BEND AIRPORT, IN US","2017-07-24","70","76","60"
"USW00014848","SOUTH BEND AIRPORT, IN US","2017-07-25","68","80","56"
"USW00014848","SOUTH BEND AIRPORT, IN US","2017-07-26","72","83","64"
"USW00014848","SOUTH BEND AIRPORT, IN US","2017-07-27","77","85","70"
"USW00014848","SOUTH BEND AIRPORT, IN US","2017-07-28","73","80","62"
"USW00014848","SOUTH BEND AIRPORT, IN US","2017-07-29","67","80","51"
"USW00014848","SOUTH BEND AIRPORT, IN US","2017-07-30","69","83","55"
"USW00014848","SOUTH BEND AIRPORT, IN US","2017-07-31","71","83","57"
"USW00014848","SOUTH BEND AIRPORT, IN US","2017-08-01","72","84","60"
"USW00014848","SOUTH BEND AIRPORT, IN US","2017-08-02","72","84","62"
"USW00014848","SOUTH BEND AIRPORT, IN US","2017-08-03","70","84","63"
"USW00014848","SOUTH BEND AIRPORT, IN US","2017-08-04","61","66","55"
"USW00014848","SOUTH BEND AIRPORT, IN US","2017-08-05","63","76","52"
"USW00014848","SOUTH BEND AIRPORT, IN US","2017-08-06","67","74","58"
"USW00014848","SOUTH BEND AIRPORT, IN US","2017-08-07","65","75","54"
"USW00014848","SOUTH BEND AIRPORT, IN US","2017-08-08","65","79","51"
"USW00014848","SOUTH BEND AIRPORT, IN US","2017-08-09","69","81","58"
"USW00014848","SOUTH BEND AIRPORT, IN US","2017-08-10","69","81","55"
"USW00014848","SOUTH BEND AIRPORT, IN US","2017-08-11","71","79","59"
"USW00014848","SOUTH BEND AIRPORT, IN US","2017-08-12","66","74","56"
"USW00014848","SOUTH BEND AIRPORT, IN US","2017-08-13","64","78","50"
"USW00014848","SOUTH BEND AIRPORT, IN US","2017-08-14","70","82","60"
"USW00014848","SOUTH BEND AIRPORT, IN US","2017-08-15","73","85","64"
"USW00014848","SOUTH BEND AIRPORT, IN US","2017-08-16","73","88","60"
"USW00014848","SOUTH BEND AIRPORT, IN US","2017-08-17","78","84","70"
"USW00014848","SOUTH BEND AIRPORT, IN US","2017-08-18","72","79","64"
"USW00014848","SOUTH BEND AIRPORT, IN US","2017-08-19","71","82","59"
"USW00014848","SOUTH BEND AIRPORT, IN US","2017-08-20","70","86","56"
"USW00014848","SOUTH BEND AIRPORT, IN US","2017-08-21","78","85","70"
"USW00014848","SOUTH BEND AIRPORT, IN US","2017-08-22","73","77","59"
"USW00014848","SOUTH BEND AIRPORT, IN US","2017-08-23","65","74","53"
"USW00014848","SOUTH BEND AIRPORT, IN US","2017-08-24","60","71","50"
"USW00014848","SOUTH BEND AIRPORT, IN US","2017-08-25","59","73","45"
"USW00014848","SOUTH BEND AIRPORT, IN US","2017-08-26","61","75","48"
"USW00014848","SOUTH BEND AIRPORT, IN US","2017-08-27","67","75","59"
"USW00014848","SOUTH BEND AIRPORT, IN US","2017-08-28","67","75","60"
"USW00014848","SOUTH BEND AIRPORT, IN US","2017-08-29","67","79","57"
"USW00014848","SOUTH BEND AIRPORT, IN US","2017-08-30","65","77","54"
"USW00014848","SOUTH BEND AIRPORT, IN US","2017-08-31","64","75","57"
"USW00014848","SOUTH BEND AIRPORT, IN US","2017-09-01","60","70","50"
"USW00014848","SOUTH BEND AIRPORT, IN US","2017-09-02","58","71","41"
"USW00014848","SOUTH BEND AIRPORT, IN US","2017-09-03","63","79","52"
"USW00014848","SOUTH BEND AIRPORT, IN US","2017-09-04","68","86","56"
"USW00014848","SOUTH BEND AIRPORT, IN US","2017-09-05","61","68","52"
"USW00014848","SOUTH BEND AIRPORT, IN US","2017-09-06","56","66","50"
"USW00014848","SOUTH BEND AIRPORT, IN US","2017-09-07","55","64","50"
"USW00014848","SOUTH BEND AIRPORT, IN US","2017-09-08","58","68","52"
"USW00014848","SOUTH BEND AIRPORT, IN US","2017-09-09","58","69","48"
"USW00014848","SOUTH BEND AIRPORT, IN US","2017-09-10","56","69","43"
"USW00014848","SOUTH BEND AIRPORT, IN US","2017-09-11","58","71","43"
"USW00014848","SOUTH BEND AIRPORT, IN US","2017-09-12","61","77","46"
"USW00014848","SOUTH BEND AIRPORT, IN US","2017-09-13","64","68","58"
"USW00014848","SOUTH BEND AIRPORT, IN US","2017-09-14","64","77","53"
"USW00014848","SOUTH BEND AIRPORT, IN US","2017-09-15","67","81","54"
"USW00014848","SOUTH BEND AIRPORT, IN US","2017-09-16","71","84","62"
"USW00014848","SOUTH BEND AIRPORT, IN US","2017-09-17","74","87","65"
"USW00014848","SOUTH BEND AIRPORT, IN US","2017-09-18","68","79","59"
"USW00014848","SOUTH BEND AIRPORT, IN US","2017-09-19","68","73","62"
"USW00014848","SOUTH BEND AIRPORT, IN US","2017-09-20","70","87","59"
"USW00014848","SOUTH BEND AIRPORT, IN US","2017-09-21","78","90","67"
"USW00014848","SOUTH BEND AIRPORT, IN US","2017-09-22","79","90","66"
"USW00014848","SOUTH BEND AIRPORT, IN US","2017-09-23","78","91","64"
"USW00014848","SOUTH BEND AIRPORT, IN US","2017-09-24","77","90","65"
"USW00014848","SOUTH BEND AIRPORT, IN US","2017-09-25","74","89","60"
"USW00014848","SOUTH BEND AIRPORT, IN US","2017-09-26","74","89","62"
"USW00014848","SOUTH BEND AIRPORT, IN US","2017-09-27","69","72","55"
"USW00014848","SOUTH BEND AIRPORT, IN US","2017-09-28","59","68","50"
"USW00014848","SOUTH BEND AIRPORT, IN US","2017-09-29","57","68","50"
"USW00014848","SOUTH BEND AIRPORT, IN US","2017-09-30","53","67","40"
"USW00014848","SOUTH BEND AIRPORT, IN US","2017-10-01","54","69","44"
"USW00014848","SOUTH BEND AIRPORT, IN US","2017-10-02","65","81","56"
"USW00014848","SOUTH BEND AIRPORT, IN US","2017-10-03","69","81","59"
"USW00014848","SOUTH BEND AIRPORT, IN US","2017-10-04","68","76","61"
"USW00014848","SOUTH BEND AIRPORT, IN US","2017-10-05","65","77","55"
"USW00014848","SOUTH BEND AIRPORT, IN US","2017-10-06","61","70","55"
"USW00014848","SOUTH BEND AIRPORT, IN US","2017-10-07","71","83","59"
"USW00014848","SOUTH BEND AIRPORT, IN US","2017-10-08","63","77","52"
"USW00014848","SOUTH BEND AIRPORT, IN US","2017-10-09","66","78","54"
"USW00014848","SOUTH BEND AIRPORT, IN US","2017-10-10","63","74","54"
"USW00014848","SOUTH BEND AIRPORT, IN US","2017-10-11","57","59","53"
"USW00014848","SOUTH BEND AIRPORT, IN US","2017-10-12","54","58","51"
"USW00014848","SOUTH BEND AIRPORT, IN US","2017-10-13","60","70","56"
"USW00014848","SOUTH BEND AIRPORT, IN US","2017-10-14","63","64","60"
"USW00014848","SOUTH BEND AIRPORT, IN US","2017-10-15","59","67","47"
"USW00014848","SOUTH BEND AIRPORT, IN US","2017-10-16","50","59","40"
"USW00014848","SOUTH BEND AIRPORT, IN US","2017-10-17","52","69","43"
"USW00014848","SOUTH BEND AIRPORT, IN US","2017-10-18","55","68","44"
"USW00014848","SOUTH BEND AIRPORT, IN US","2017-10-19","57","67","44"
"USW00014848","SOUTH BEND AIRPORT, IN US","2017-10-20","56","76","44"
"USW00014848","SOUTH BEND AIRPORT, IN US","2017-10-21","63","75","56"
"USW00014848","SOUTH BEND AIRPORT, IN US","2017-10-22","66","73","56"
"USW00014848","SOUTH BEND AIRPORT, IN US","2017-10-23","55","56","49"
"USW00014848","SOUTH BEND AIRPORT, IN US","2017-10-24","47","49","41"
"USW00014848","SOUTH BEND AIRPORT, IN US","2017-10-25","42","49","32"
"USW00014848","SOUTH BEND AIRPORT, IN US","2017-10-26","35","57","29"
"USW00014848","SOUTH BEND AIRPORT, IN US","2017-10-27","45","50","38"
"USW00014848","SOUTH BEND AIRPORT, IN US","2017-10-28","37","39","34"
"USW00014848","SOUTH BEND AIRPORT, IN US","2017-10-29","39","45","30"
"USW00014848","SOUTH BEND AIRPORT, IN US","2017-10-30","41","50","33"
"USW00014848","SOUTH BEND AIRPORT, IN US","2017-10-31","36","39","32"
"USW00014848","SOUTH BEND AIRPORT, IN US","2017-11-01","37","43","33"
"USW00014848","SOUTH BEND AIRPORT, IN US","2017-11-02","47","54","41"
"USW00014848","SOUTH BEND AIRPORT, IN US","2017-11-03","48","51","40"
"USW00014848","SOUTH BEND AIRPORT, IN US","2017-11-04","41","49","38"
"USW00014848","SOUTH BEND AIRPORT, IN US","2017-11-05","51","61","47"
"USW00014848","SOUTH BEND AIRPORT, IN US","2017-11-06","45","48","36"
"USW00014848","SOUTH BEND AIRPORT, IN US","2017-11-07","39","48","30"
"USW00014848","SOUTH BEND AIRPORT, IN US","2017-11-08","35","47","24"
"USW00014848","SOUTH BEND AIRPORT, IN US","2017-11-09","34","46","27"
"USW00014848","SOUTH BEND AIRPORT, IN US","2017-11-10","27","31","21"
"USW00014848","SOUTH BEND AIRPORT, IN US","2017-11-11","27","36","22"
"USW00014848","SOUTH BEND AIRPORT, IN US","2017-11-12","36","40","34"
"USW00014848","SOUTH BEND AIRPORT, IN US","2017-11-13","38","44","31"
"USW00014848","SOUTH BEND AIRPORT, IN US","2017-11-14","36","48","24"
"USW00014848","SOUTH BEND AIRPORT, IN US","2017-11-15","44","48","38"
"USW00014848","SOUTH BEND AIRPORT, IN US","2017-11-16","38","38","33"
"USW00014848","SOUTH BEND AIRPORT, IN US","2017-11-17","37","45","34"
"USW00014848","SOUTH BEND AIRPORT, IN US","2017-11-18","43","45","38"
"USW00014848","SOUTH BEND AIRPORT, IN US","2017-11-19","35","39","26"
"USW00014848","SOUTH BEND AIRPORT, IN US","2017-11-20","34","50","24"
"USW00014848","SOUTH BEND AIRPORT, IN US","2017-11-21","41","45","32"
"USW00014848","SOUTH BEND AIRPORT, IN US","2017-11-22","32","36","25"
"USW00014848","SOUTH BEND AIRPORT, IN US","2017-11-23","32","44","27"
"USW00014848","SOUTH BEND AIRPORT, IN US","2017-11-24","40","57","30"
"USW00014848","SOUTH BEND AIRPORT, IN US","2017-11-25","47","51","27"
"USW00014848","SOUTH BEND AIRPORT, IN US","2017-11-26","32","45","21"
"USW00014848","SOUTH BEND AIRPORT, IN US","2017-11-27","41","56","29"
"USW00014848","SOUTH BEND AIRPORT, IN US","2017-11-28","53","61","41"
"USW00014848","SOUTH BEND AIRPORT, IN US","2017-11-29","43","48","30"
"USW00014848","SOUTH BEND AIRPORT, IN US","2017-11-30","43","49","29"
"USW00014848","SOUTH BEND AIRPORT, IN US","2017-12-01","36","50","25"
"USW00014848","SOUTH BEND AIRPORT, IN US","2017-12-02","37","53","25"
"USW00014848","SOUTH BEND AIRPORT, IN US","2017-12-03","39","55","23"
"USW00014848","SOUTH BEND AIRPORT, IN US","2017-12-04","50","61","44"
"USW00014848","SOUTH BEND AIRPORT, IN US","2017-12-05","43","58","26"
"USW00014848","SOUTH BEND AIRPORT, IN US","2017-12-06","30","36","24"
"USW00014848","SOUTH BEND AIRPORT, IN US","2017-12-07","24","27","17"
"USW00014848","SOUTH BEND AIRPORT, IN US","2017-12-08","20","31","13"
"USW00014848","SOUTH BEND AIRPORT, IN US","2017-12-09","26","31","23"
"USW00014848","SOUTH BEND AIRPORT, IN US","2017-12-10","24","30","16"
"USW00014848","SOUTH BEND AIRPORT, IN US","2017-12-11","28","34","24"
"USW00014848","SOUTH BEND AIRPORT, IN US","2017-12-12","25","33","15"
"USW00014848","SOUTH BEND AIRPORT, IN US","2017-12-13","22","33","15"
"USW00014848","SOUTH BEND AIRPORT, IN US","2017-12-14","20","22","10"
"USW00014848","SOUTH BEND AIRPORT, IN US","2017-12-15","20","31","11"
"USW00014848","SOUTH BEND AIRPORT, IN US","2017-12-16","34","42","26"
"USW00014848","SOUTH BEND AIRPORT, IN US","2017-12-17","31","39","25"
"USW00014848","SOUTH BEND AIRPORT, IN US","2017-12-18","39","42","36"
"USW00014848","SOUTH BEND AIRPORT, IN US","2017-12-19","39","47","35"
"USW00014848","SOUTH BEND AIRPORT, IN US","2017-12-20","33","37","24"
"USW00014848","SOUTH BEND AIRPORT, IN US","2017-12-21","31","38","24"
"USW00014848","SOUTH BEND AIRPORT, IN US","2017-12-22","34","36","32"
"USW00014848","SOUTH BEND AIRPORT, IN US","2017-12-23","33","35","25"
"USW00014848","SOUTH BEND AIRPORT, IN US","2017-12-24","24","25","19"
"USW00014848","SOUTH BEND AIRPORT, IN US","2017-12-25","17","21","8"
"USW00014848","SOUTH BEND AIRPORT, IN US","2017-12-26","6","8","0"
"USW00014848","SOUTH BEND AIRPORT, IN US","2017-12-27","2","10","-4"
"USW00014848","SOUTH BEND AIRPORT, IN US","2017-12-28","4","13","-6"
"USW00014848","SOUTH BEND AIRPORT, IN US","2017-12-29","11","14","9"
"USW00014848","SOUTH BEND AIRPORT, IN US","2017-12-30","11","16","-1"
"USW00014848","SOUTH BEND AIRPORT, IN US","2017-12-31","5","12","-2"
